{"cameraMode":{"drawMode":0,"name":"Shaded","section":"Shading Mode"},"sceneLighting":true,"audioPlay":false,"sceneViewState":{"showFog":true,"showMaterialUpdate":false,"showSkybox":true,"showFlares":true,"showImageEffects":true,"showParticleSystems":true},"in2DMode":false,"pivot":{"x":62.4913215637207,"y":-26.560237884521486,"z":9.162961959838868},"rotation":{"x":-0.5403599143028259,"y":0.06848818063735962,"z":-0.0441901721060276,"w":-0.8374775052070618},"size":48.920631408691409,"orthographic":false}