{"cameraMode":{"drawMode":0,"name":"Shaded","section":"Shading Mode"},"sceneLighting":true,"audioPlay":false,"sceneViewState":{"showFog":true,"showMaterialUpdate":false,"showSkybox":true,"showFlares":true,"showImageEffects":true,"showParticleSystems":true},"in2DMode":false,"pivot":{"x":-17.51325035095215,"y":32.34095001220703,"z":4.830782890319824},"rotation":{"x":0.011635958217084408,"y":0.2411782294511795,"z":0.0028919915203005077,"w":-0.9704067707061768},"size":39.70097732543945,"orthographic":false}